,SampleName,Vial,Retention Time,Area,Height,Peak Type,Name,Injection,Date Processed,Date Acquired,Processing Method,Channel Description,Injection Volume
1,6 weeks 40C 75RH,"3:A,1",4.369,10428,6493,Unknown,,1,"Wednesday, November 29, 2023 2:47:41 PM EST","Tuesday, November 28, 2023 6:48:27 PM EST",MK6916_PM,PDA Ch1 215nm@2.4nm,1
2,6 weeks 40C 75RH,"3:A,1",4.53,1895919,1167988,Unknown,,1,"Wednesday, November 29, 2023 2:47:41 PM EST","Tuesday, November 28, 2023 6:48:27 PM EST",MK6916_PM,PDA Ch1 215nm@2.4nm,1
3,6 weeks 40C 75RH,"3:A,2",4.369,10073,6294,Unknown,,1,"Wednesday, November 29, 2023 2:47:42 PM EST","Tuesday, November 28, 2023 6:56:11 PM EST",MK6916_PM,PDA Ch1 215nm@2.4nm,1
4,6 weeks 40C 75RH,"3:A,2",4.531,1851947,1144167,Unknown,,1,"Wednesday, November 29, 2023 2:47:42 PM EST","Tuesday, November 28, 2023 6:56:11 PM EST",MK6916_PM,PDA Ch1 215nm@2.4nm,1
5,6 weeks 40C 75RH,"3:A,3",4.36,10221,6397,Unknown,,1,"Wednesday, November 29, 2023 2:47:43 PM EST","Tuesday, November 28, 2023 7:03:55 PM EST",MK6916_PM,PDA Ch1 215nm@2.4nm,1
6,6 weeks 40C 75RH,"3:A,3",4.521,1864114,1151435,Unknown,,1,"Wednesday, November 29, 2023 2:47:43 PM EST","Tuesday, November 28, 2023 7:03:55 PM EST",MK6916_PM,PDA Ch1 215nm@2.4nm,1
7,6 weeks 40C 75RH,"3:A,4",4.363,8209,5147,Unknown,,1,"Wednesday, November 29, 2023 2:47:44 PM EST","Tuesday, November 28, 2023 7:11:32 PM EST",MK6916_PM,PDA Ch1 215nm@2.4nm,1
8,6 weeks 40C 75RH,"3:A,4",4.525,1544874,954479,Unknown,,1,"Wednesday, November 29, 2023 2:47:44 PM EST","Tuesday, November 28, 2023 7:11:32 PM EST",MK6916_PM,PDA Ch1 215nm@2.4nm,1
9,6 weeks 40C 75RH,"3:A,5",4.365,10730,6696,Unknown,,1,"Wednesday, November 29, 2023 2:47:45 PM EST","Tuesday, November 28, 2023 7:19:13 PM EST",MK6916_PM,PDA Ch1 215nm@2.4nm,1
10,6 weeks 40C 75RH,"3:A,5",4.527,1970826,1214825,Unknown,,1,"Wednesday, November 29, 2023 2:47:45 PM EST","Tuesday, November 28, 2023 7:19:13 PM EST",MK6916_PM,PDA Ch1 215nm@2.4nm,1
11,6 weeks 40C 75RH,"3:A,6",4.364,11231,7026,Unknown,,1,"Wednesday, November 29, 2023 2:47:46 PM EST","Tuesday, November 28, 2023 7:26:52 PM EST",MK6916_PM,PDA Ch1 215nm@2.4nm,1
12,6 weeks 40C 75RH,"3:A,6",4.525,2071061,1270011,Unknown,,1,"Wednesday, November 29, 2023 2:47:46 PM EST","Tuesday, November 28, 2023 7:26:52 PM EST",MK6916_PM,PDA Ch1 215nm@2.4nm,1
13,6 weeks 40C 75RH,"3:A,7",4.366,12019,7536,Unknown,,1,"Wednesday, November 29, 2023 2:47:47 PM EST","Tuesday, November 28, 2023 7:34:31 PM EST",MK6916_PM,PDA Ch1 215nm@2.4nm,1
14,6 weeks 40C 75RH,"3:A,7",5.751,8618,10579,Unknown,,1,"Wednesday, November 29, 2023 2:47:47 PM EST","Tuesday, November 28, 2023 7:34:31 PM EST",MK6916_PM,PDA Ch1 215nm@2.4nm,1
15,6 weeks 40C 75RH,"3:A,7",4.527,2210243,1360951,Unknown,,1,"Wednesday, November 29, 2023 2:47:47 PM EST","Tuesday, November 28, 2023 7:34:31 PM EST",MK6916_PM,PDA Ch1 215nm@2.4nm,1
16,6 weeks 40C 75RH,"3:A,8",4.53,2307148,1416258,Unknown,,1,"Wednesday, November 29, 2023 2:47:48 PM EST","Tuesday, November 28, 2023 7:42:11 PM EST",MK6916_PM,PDA Ch1 215nm@2.4nm,1
17,6 weeks 40C 75RH,"3:A,8",4.369,12723,7887,Unknown,,1,"Wednesday, November 29, 2023 2:47:48 PM EST","Tuesday, November 28, 2023 7:42:11 PM EST",MK6916_PM,PDA Ch1 215nm@2.4nm,1
18,6 weeks 40C 75RH,"3:A,9",4.525,2123444,1306001,Unknown,,1,"Wednesday, November 29, 2023 2:47:49 PM EST","Tuesday, November 28, 2023 7:49:49 PM EST",MK6916_PM,PDA Ch1 215nm@2.4nm,1
19,6 weeks 40C 75RH,"3:A,9",4.364,11716,7272,Unknown,,1,"Wednesday, November 29, 2023 2:47:49 PM EST","Tuesday, November 28, 2023 7:49:49 PM EST",MK6916_PM,PDA Ch1 215nm@2.4nm,1
20,6 weeks 40C 75RH,"3:A,10",4.524,1964207,1209168,Unknown,,1,"Wednesday, November 29, 2023 2:47:50 PM EST","Tuesday, November 28, 2023 7:57:30 PM EST",MK6916_PM,PDA Ch1 215nm@2.4nm,1
21,6 weeks 40C 75RH,"3:A,10",4.363,10870,6783,Unknown,,1,"Wednesday, November 29, 2023 2:47:50 PM EST","Tuesday, November 28, 2023 7:57:30 PM EST",MK6916_PM,PDA Ch1 215nm@2.4nm,1
22,6 weeks 40C 75RH,"3:A,11",4.523,1837899,1132158,Unknown,,1,"Wednesday, November 29, 2023 2:47:51 PM EST","Tuesday, November 28, 2023 8:05:10 PM EST",MK6916_PM,PDA Ch1 215nm@2.4nm,1
23,6 weeks 40C 75RH,"3:A,11",4.362,10351,6400,Unknown,,1,"Wednesday, November 29, 2023 2:47:51 PM EST","Tuesday, November 28, 2023 8:05:10 PM EST",MK6916_PM,PDA Ch1 215nm@2.4nm,1
1,6 weeks 40C 75RH,"3:A,12",4.367,14574,9087,Unknown,,1,"Thursday, November 30, 2023 9:18:08 AM EST","Wednesday, November 29, 2023 9:25:12 AM EST",MK6916_PM,PDA Ch1 215nm@2.4nm,0.5
2,6 weeks 40C 75RH,"3:A,12",4.527,2654009,1619772,Unknown,,1,"Thursday, November 30, 2023 9:18:08 AM EST","Wednesday, November 29, 2023 9:25:12 AM EST",MK6916_PM,PDA Ch1 215nm@2.4nm,0.5
3,6 weeks 40C 75RH,"3:B,1",4.368,11771,7326,Unknown,,1,"Thursday, November 30, 2023 9:18:09 AM EST","Wednesday, November 29, 2023 9:32:53 AM EST",MK6916_PM,PDA Ch1 215nm@2.4nm,1
4,6 weeks 40C 75RH,"3:B,1",4.529,2148296,1317551,Unknown,,1,"Thursday, November 30, 2023 9:18:09 AM EST","Wednesday, November 29, 2023 9:32:53 AM EST",MK6916_PM,PDA Ch1 215nm@2.4nm,1
5,6 weeks 40C 75RH,"3:B,2",5.753,14522,18691,Unknown,,1,"Thursday, November 30, 2023 9:18:09 AM EST","Wednesday, November 29, 2023 9:40:35 AM EST",MK6916_PM,PDA Ch1 215nm@2.4nm,1
6,6 weeks 40C 75RH,"3:B,2",4.528,1567736,970019,Unknown,,1,"Thursday, November 30, 2023 9:18:09 AM EST","Wednesday, November 29, 2023 9:40:35 AM EST",MK6916_PM,PDA Ch1 215nm@2.4nm,1
7,6 weeks 40C 75RH,"3:B,2",4.366,8330,5231,Unknown,,1,"Thursday, November 30, 2023 9:18:09 AM EST","Wednesday, November 29, 2023 9:40:35 AM EST",MK6916_PM,PDA Ch1 215nm@2.4nm,1
8,6 weeks 40C 75RH,"3:B,3",4.528,2054870,1264576,Unknown,,1,"Thursday, November 30, 2023 9:18:10 AM EST","Wednesday, November 29, 2023 9:48:12 AM EST",MK6916_PM,PDA Ch1 215nm@2.4nm,1
9,6 weeks 40C 75RH,"3:B,3",4.367,11150,7010,Unknown,,1,"Thursday, November 30, 2023 9:18:10 AM EST","Wednesday, November 29, 2023 9:48:12 AM EST",MK6916_PM,PDA Ch1 215nm@2.4nm,1
10,6 weeks 40C 75RH,"3:B,4",4.363,11604,7213,Unknown,,1,"Thursday, November 30, 2023 9:18:11 AM EST","Wednesday, November 29, 2023 9:55:53 AM EST",MK6916_PM,PDA Ch1 215nm@2.4nm,1
11,6 weeks 40C 75RH,"3:B,4",5.771,4452,5839,Unknown,,1,"Thursday, November 30, 2023 9:18:11 AM EST","Wednesday, November 29, 2023 9:55:53 AM EST",MK6916_PM,PDA Ch1 215nm@2.4nm,1
12,6 weeks 40C 75RH,"3:B,4",4.525,2127159,1304928,Unknown,,1,"Thursday, November 30, 2023 9:18:11 AM EST","Wednesday, November 29, 2023 9:55:53 AM EST",MK6916_PM,PDA Ch1 215nm@2.4nm,1
13,6 weeks 40C 75RH,"3:B,5",4.363,12214,7690,Unknown,,1,"Thursday, November 30, 2023 9:18:12 AM EST","Wednesday, November 29, 2023 10:03:33 AM EST",MK6916_PM,PDA Ch1 215nm@2.4nm,1
14,6 weeks 40C 75RH,"3:B,5",5.771,3930,5169,Unknown,,1,"Thursday, November 30, 2023 9:18:12 AM EST","Wednesday, November 29, 2023 10:03:33 AM EST",MK6916_PM,PDA Ch1 215nm@2.4nm,1
15,6 weeks 40C 75RH,"3:B,5",4.524,2202483,1349924,Unknown,,1,"Thursday, November 30, 2023 9:18:12 AM EST","Wednesday, November 29, 2023 10:03:33 AM EST",MK6916_PM,PDA Ch1 215nm@2.4nm,1
16,6 weeks 40C 75RH,"3:B,6",5.772,3716,5008,Unknown,,1,"Thursday, November 30, 2023 9:18:13 AM EST","Wednesday, November 29, 2023 10:11:14 AM EST",MK6916_PM,PDA Ch1 215nm@2.4nm,1
17,6 weeks 40C 75RH,"3:B,6",4.371,12192,7580,Unknown,,1,"Thursday, November 30, 2023 9:18:13 AM EST","Wednesday, November 29, 2023 10:11:14 AM EST",MK6916_PM,PDA Ch1 215nm@2.4nm,1
18,6 weeks 40C 75RH,"3:B,6",4.531,2221949,1364616,Unknown,,1,"Thursday, November 30, 2023 9:18:13 AM EST","Wednesday, November 29, 2023 10:11:14 AM EST",MK6916_PM,PDA Ch1 215nm@2.4nm,1
19,6 weeks 40C 75RH,"3:B,6",5.752,6884,6137,Unknown,,1,"Thursday, November 30, 2023 9:18:13 AM EST","Wednesday, November 29, 2023 10:11:14 AM EST",MK6916_PM,PDA Ch1 215nm@2.4nm,1
20,6 weeks 40C 75RH,"3:B,7",4.527,2065786,1267842,Unknown,,1,"Thursday, November 30, 2023 9:18:14 AM EST","Wednesday, November 29, 2023 10:18:54 AM EST",MK6916_PM,PDA Ch1 215nm@2.4nm,1
21,6 weeks 40C 75RH,"3:B,7",4.366,11367,7043,Unknown,,1,"Thursday, November 30, 2023 9:18:14 AM EST","Wednesday, November 29, 2023 10:18:54 AM EST",MK6916_PM,PDA Ch1 215nm@2.4nm,1
22,6 weeks 40C 75RH,"3:B,8",4.369,12439,7790,Unknown,,1,"Thursday, November 30, 2023 9:18:15 AM EST","Wednesday, November 29, 2023 10:26:34 AM EST",MK6916_PM,PDA Ch1 215nm@2.4nm,1
23,6 weeks 40C 75RH,"3:B,8",5.753,8256,9543,Unknown,,1,"Thursday, November 30, 2023 9:18:15 AM EST","Wednesday, November 29, 2023 10:26:34 AM EST",MK6916_PM,PDA Ch1 215nm@2.4nm,1
24,6 weeks 40C 75RH,"3:B,8",4.529,2282639,1399341,Unknown,,1,"Thursday, November 30, 2023 9:18:15 AM EST","Wednesday, November 29, 2023 10:26:34 AM EST",MK6916_PM,PDA Ch1 215nm@2.4nm,1
25,6 weeks 40C 75RH,"3:B,9",4.365,13350,8315,Unknown,,1,"Thursday, November 30, 2023 9:18:16 AM EST","Wednesday, November 29, 2023 10:34:14 AM EST",MK6916_PM,PDA Ch1 215nm@2.4nm,1
26,6 weeks 40C 75RH,"3:B,9",4.525,2439684,1491314,Unknown,,1,"Thursday, November 30, 2023 9:18:16 AM EST","Wednesday, November 29, 2023 10:34:14 AM EST",MK6916_PM,PDA Ch1 215nm@2.4nm,1
27,6 weeks 40C 75RH,"3:B,10",4.528,1898869,1170730,Unknown,,1,"Thursday, November 30, 2023 9:18:17 AM EST","Wednesday, November 29, 2023 10:41:53 AM EST",MK6916_PM,PDA Ch1 215nm@2.4nm,1
28,6 weeks 40C 75RH,"3:B,10",4.367,10356,6449,Unknown,,1,"Thursday, November 30, 2023 9:18:17 AM EST","Wednesday, November 29, 2023 10:41:53 AM EST",MK6916_PM,PDA Ch1 215nm@2.4nm,1
29,6 weeks 40C 75RH,"3:B,10",5.743,6718,8818,Unknown,,1,"Thursday, November 30, 2023 9:18:17 AM EST","Wednesday, November 29, 2023 10:41:53 AM EST",MK6916_PM,PDA Ch1 215nm@2.4nm,1
30,6 weeks 40C 75RH,"3:B,11",4.529,2237883,1368514,Unknown,,1,"Thursday, November 30, 2023 9:18:18 AM EST","Wednesday, November 29, 2023 10:49:29 AM EST",MK6916_PM,PDA Ch1 215nm@2.4nm,1
31,6 weeks 40C 75RH,"3:B,11",4.367,12165,7607,Unknown,,1,"Thursday, November 30, 2023 9:18:18 AM EST","Wednesday, November 29, 2023 10:49:29 AM EST",MK6916_PM,PDA Ch1 215nm@2.4nm,1
32,6 weeks 40C 75RH,"3:B,12",4.525,1987939,1223729,Unknown,,1,"Thursday, November 30, 2023 9:18:19 AM EST","Wednesday, November 29, 2023 10:57:07 AM EST",MK6916_PM,PDA Ch1 215nm@2.4nm,1
33,6 weeks 40C 75RH,"3:B,12",4.364,10850,6748,Unknown,,1,"Thursday, November 30, 2023 9:18:19 AM EST","Wednesday, November 29, 2023 10:57:07 AM EST",MK6916_PM,PDA Ch1 215nm@2.4nm,1
34,6 weeks 40C 75RH,"3:C,1",4.522,2221973,1362413,Unknown,,1,"Thursday, November 30, 2023 9:18:19 AM EST","Wednesday, November 29, 2023 11:04:45 AM EST",MK6916_PM,PDA Ch1 215nm@2.4nm,1
35,6 weeks 40C 75RH,"3:C,1",4.361,12273,7571,Unknown,,1,"Thursday, November 30, 2023 9:18:19 AM EST","Wednesday, November 29, 2023 11:04:45 AM EST",MK6916_PM,PDA Ch1 215nm@2.4nm,1
36,6 weeks 40C 75RH,"3:C,2",4.52,2084120,1274211,Unknown,,1,"Thursday, November 30, 2023 9:18:20 AM EST","Wednesday, November 29, 2023 11:12:22 AM EST",MK6916_PM,PDA Ch1 215nm@2.4nm,1
37,6 weeks 40C 75RH,"3:C,2",4.358,11461,7105,Unknown,,1,"Thursday, November 30, 2023 9:18:20 AM EST","Wednesday, November 29, 2023 11:12:22 AM EST",MK6916_PM,PDA Ch1 215nm@2.4nm,1
38,6 weeks 40C 75RH,"3:C,3",5.771,3829,5141,Unknown,,1,"Thursday, November 30, 2023 9:18:21 AM EST","Wednesday, November 29, 2023 11:20:03 AM EST",MK6916_PM,PDA Ch1 215nm@2.4nm,1
39,6 weeks 40C 75RH,"3:C,3",4.527,2467205,1508667,Unknown,,1,"Thursday, November 30, 2023 9:18:21 AM EST","Wednesday, November 29, 2023 11:20:03 AM EST",MK6916_PM,PDA Ch1 215nm@2.4nm,1
40,6 weeks 40C 75RH,"3:C,3",4.367,13499,8426,Unknown,,1,"Thursday, November 30, 2023 9:18:21 AM EST","Wednesday, November 29, 2023 11:20:03 AM EST",MK6916_PM,PDA Ch1 215nm@2.4nm,1
41,6 weeks 40C 75RH,"3:C,4",4.366,12308,7683,Unknown,,1,"Thursday, November 30, 2023 9:18:22 AM EST","Wednesday, November 29, 2023 11:27:43 AM EST",MK6916_PM,PDA Ch1 215nm@2.4nm,1
42,6 weeks 40C 75RH,"3:C,4",4.526,2243920,1380108,Unknown,,1,"Thursday, November 30, 2023 9:18:22 AM EST","Wednesday, November 29, 2023 11:27:43 AM EST",MK6916_PM,PDA Ch1 215nm@2.4nm,1
43,6 weeks 40C 75RH,"3:C,5",4.369,12446,7760,Unknown,,1,"Thursday, November 30, 2023 9:18:23 AM EST","Wednesday, November 29, 2023 11:35:24 AM EST",MK6916_PM,PDA Ch1 215nm@2.4nm,1
44,6 weeks 40C 75RH,"3:C,5",5.771,3743,5204,Unknown,,1,"Thursday, November 30, 2023 9:18:23 AM EST","Wednesday, November 29, 2023 11:35:24 AM EST",MK6916_PM,PDA Ch1 215nm@2.4nm,1
45,6 weeks 40C 75RH,"3:C,5",4.529,2272410,1395238,Unknown,,1,"Thursday, November 30, 2023 9:18:23 AM EST","Wednesday, November 29, 2023 11:35:24 AM EST",MK6916_PM,PDA Ch1 215nm@2.4nm,1
46,6 weeks 40C 75RH,"3:C,6",5.771,3806,5065,Unknown,,1,"Thursday, November 30, 2023 9:18:24 AM EST","Wednesday, November 29, 2023 11:43:04 AM EST",MK6916_PM,PDA Ch1 215nm@2.4nm,1
47,6 weeks 40C 75RH,"3:C,6",4.527,2378250,1456324,Unknown,,1,"Thursday, November 30, 2023 9:18:24 AM EST","Wednesday, November 29, 2023 11:43:04 AM EST",MK6916_PM,PDA Ch1 215nm@2.4nm,1
48,6 weeks 40C 75RH,"3:C,6",4.367,13004,8168,Unknown,,1,"Thursday, November 30, 2023 9:18:24 AM EST","Wednesday, November 29, 2023 11:43:04 AM EST",MK6916_PM,PDA Ch1 215nm@2.4nm,1
49,6 weeks 40C 75RH,"3:C,6",1.719,7646,5121,Unknown,,1,"Thursday, November 30, 2023 9:18:24 AM EST","Wednesday, November 29, 2023 11:43:04 AM EST",MK6916_PM,PDA Ch1 215nm@2.4nm,1
50,6 weeks 40C 75RH,"3:C,7",5.77,4138,5408,Unknown,,1,"Thursday, November 30, 2023 9:18:25 AM EST","Wednesday, November 29, 2023 11:50:41 AM EST",MK6916_PM,PDA Ch1 215nm@2.4nm,1
51,6 weeks 40C 75RH,"3:C,7",5.743,4467,5104,Unknown,,1,"Thursday, November 30, 2023 9:18:25 AM EST","Wednesday, November 29, 2023 11:50:41 AM EST",MK6916_PM,PDA Ch1 215nm@2.4nm,1
52,6 weeks 40C 75RH,"3:C,7",4.53,2085296,1281473,Unknown,,1,"Thursday, November 30, 2023 9:18:25 AM EST","Wednesday, November 29, 2023 11:50:41 AM EST",MK6916_PM,PDA Ch1 215nm@2.4nm,1
53,6 weeks 40C 75RH,"3:C,7",4.369,11529,7117,Unknown,,1,"Thursday, November 30, 2023 9:18:25 AM EST","Wednesday, November 29, 2023 11:50:41 AM EST",MK6916_PM,PDA Ch1 215nm@2.4nm,1
54,6 weeks 40C 75RH,"3:C,8",4.529,2149876,1315905,Unknown,,1,"Thursday, November 30, 2023 9:18:26 AM EST","Wednesday, November 29, 2023 11:58:21 AM EST",MK6916_PM,PDA Ch1 215nm@2.4nm,1
55,6 weeks 40C 75RH,"3:C,8",4.368,11829,7309,Unknown,,1,"Thursday, November 30, 2023 9:18:26 AM EST","Wednesday, November 29, 2023 11:58:21 AM EST",MK6916_PM,PDA Ch1 215nm@2.4nm,1
56,6 weeks 40C 75RH,"3:C,9",4.53,2106713,1294307,Unknown,,1,"Thursday, November 30, 2023 9:18:27 AM EST","Wednesday, November 29, 2023 12:06:02 PM EST",MK6916_PM,PDA Ch1 215nm@2.4nm,1
57,6 weeks 40C 75RH,"3:C,9",4.368,11611,7169,Unknown,,1,"Thursday, November 30, 2023 9:18:27 AM EST","Wednesday, November 29, 2023 12:06:02 PM EST",MK6916_PM,PDA Ch1 215nm@2.4nm,1
58,6 weeks 40C 75RH,"3:C,10",4.367,12430,7793,Unknown,,1,"Thursday, November 30, 2023 9:18:28 AM EST","Wednesday, November 29, 2023 12:13:40 PM EST",MK6916_PM,PDA Ch1 215nm@2.4nm,1
59,6 weeks 40C 75RH,"3:C,10",5.742,6301,7651,Unknown,,1,"Thursday, November 30, 2023 9:18:28 AM EST","Wednesday, November 29, 2023 12:13:40 PM EST",MK6916_PM,PDA Ch1 215nm@2.4nm,1
60,6 weeks 40C 75RH,"3:C,10",4.527,2288793,1403776,Unknown,,1,"Thursday, November 30, 2023 9:18:28 AM EST","Wednesday, November 29, 2023 12:13:40 PM EST",MK6916_PM,PDA Ch1 215nm@2.4nm,1
61,6 weeks 40C 75RH,"3:C,11",4.369,11720,7340,Unknown,,1,"Thursday, November 30, 2023 9:18:29 AM EST","Wednesday, November 29, 2023 12:21:17 PM EST",MK6916_PM,PDA Ch1 215nm@2.4nm,1
62,6 weeks 40C 75RH,"3:C,11",5.743,5955,7252,Unknown,,1,"Thursday, November 30, 2023 9:18:29 AM EST","Wednesday, November 29, 2023 12:21:17 PM EST",MK6916_PM,PDA Ch1 215nm@2.4nm,1
63,6 weeks 40C 75RH,"3:C,11",4.529,2140718,1315575,Unknown,,1,"Thursday, November 30, 2023 9:18:29 AM EST","Wednesday, November 29, 2023 12:21:17 PM EST",MK6916_PM,PDA Ch1 215nm@2.4nm,1
64,6 weeks 40C 75RH,"3:C,12",4.525,1827686,1124330,Unknown,,1,"Thursday, November 30, 2023 9:18:30 AM EST","Wednesday, November 29, 2023 12:28:58 PM EST",MK6916_PM,PDA Ch1 215nm@2.4nm,1
65,6 weeks 40C 75RH,"3:C,12",4.363,9718,6108,Unknown,,1,"Thursday, November 30, 2023 9:18:30 AM EST","Wednesday, November 29, 2023 12:28:58 PM EST",MK6916_PM,PDA Ch1 215nm@2.4nm,1
66,6 weeks 40C 75RH,"3:D,1",4.529,2115253,1298808,Unknown,,1,"Thursday, November 30, 2023 9:18:31 AM EST","Wednesday, November 29, 2023 12:36:35 PM EST",MK6916_PM,PDA Ch1 215nm@2.4nm,1
67,6 weeks 40C 75RH,"3:D,1",4.368,11579,7215,Unknown,,1,"Thursday, November 30, 2023 9:18:31 AM EST","Wednesday, November 29, 2023 12:36:35 PM EST",MK6916_PM,PDA Ch1 215nm@2.4nm,1
68,6 weeks 40C 75RH,"3:D,2",4.523,2125905,1312918,Unknown,,1,"Thursday, November 30, 2023 9:18:31 AM EST","Wednesday, November 29, 2023 12:44:16 PM EST",MK6916_PM,PDA Ch1 215nm@2.4nm,1
69,6 weeks 40C 75RH,"3:D,2",4.363,11720,7275,Unknown,,1,"Thursday, November 30, 2023 9:18:31 AM EST","Wednesday, November 29, 2023 12:44:16 PM EST",MK6916_PM,PDA Ch1 215nm@2.4nm,1
70,6 weeks 40C 75RH,"3:D,3",4.504,2137648,1309771,Unknown,,1,"Thursday, November 30, 2023 9:18:32 AM EST","Wednesday, November 29, 2023 12:51:56 PM EST",MK6916_PM,PDA Ch1 215nm@2.4nm,1
71,6 weeks 40C 75RH,"3:D,3",4.343,11593,7241,Unknown,,1,"Thursday, November 30, 2023 9:18:32 AM EST","Wednesday, November 29, 2023 12:51:56 PM EST",MK6916_PM,PDA Ch1 215nm@2.4nm,1
72,6 weeks 40C 75RH,"3:D,4",4.515,1818457,1124233,Unknown,,1,"Thursday, November 30, 2023 9:18:33 AM EST","Wednesday, November 29, 2023 12:59:34 PM EST",MK6916_PM,PDA Ch1 215nm@2.4nm,1
73,6 weeks 40C 75RH,"3:D,4",4.354,9970,6205,Unknown,,1,"Thursday, November 30, 2023 9:18:33 AM EST","Wednesday, November 29, 2023 12:59:34 PM EST",MK6916_PM,PDA Ch1 215nm@2.4nm,1
74,6 weeks 40C 75RH,"3:D,5",5.771,3825,5204,Unknown,,1,"Thursday, November 30, 2023 9:18:34 AM EST","Wednesday, November 29, 2023 1:07:11 PM EST",MK6916_PM,PDA Ch1 215nm@2.4nm,1
75,6 weeks 40C 75RH,"3:D,5",4.529,1943172,1195250,Unknown,,1,"Thursday, November 30, 2023 9:18:34 AM EST","Wednesday, November 29, 2023 1:07:11 PM EST",MK6916_PM,PDA Ch1 215nm@2.4nm,1
76,6 weeks 40C 75RH,"3:D,5",4.367,10654,6612,Unknown,,1,"Thursday, November 30, 2023 9:18:34 AM EST","Wednesday, November 29, 2023 1:07:11 PM EST",MK6916_PM,PDA Ch1 215nm@2.4nm,1
77,6 weeks 40C 75RH,"3:D,6",5.771,3655,5036,Unknown,,1,"Thursday, November 30, 2023 9:18:35 AM EST","Wednesday, November 29, 2023 1:14:55 PM EST",MK6916_PM,PDA Ch1 215nm@2.4nm,1
78,6 weeks 40C 75RH,"3:D,6",4.525,1969080,1219319,Unknown,,1,"Thursday, November 30, 2023 9:18:35 AM EST","Wednesday, November 29, 2023 1:14:55 PM EST",MK6916_PM,PDA Ch1 215nm@2.4nm,1
79,6 weeks 40C 75RH,"3:D,6",4.364,10735,6708,Unknown,,1,"Thursday, November 30, 2023 9:18:35 AM EST","Wednesday, November 29, 2023 1:14:55 PM EST",MK6916_PM,PDA Ch1 215nm@2.4nm,1
80,6 weeks 40C 75RH,"3:D,7",5.771,3974,5298,Unknown,,1,"Thursday, November 30, 2023 9:18:36 AM EST","Wednesday, November 29, 2023 1:22:32 PM EST",MK6916_PM,PDA Ch1 215nm@2.4nm,1
81,6 weeks 40C 75RH,"3:D,7",4.52,2315703,1418596,Unknown,,1,"Thursday, November 30, 2023 9:18:36 AM EST","Wednesday, November 29, 2023 1:22:32 PM EST",MK6916_PM,PDA Ch1 215nm@2.4nm,1
82,6 weeks 40C 75RH,"3:D,7",4.359,12711,7895,Unknown,,1,"Thursday, November 30, 2023 9:18:36 AM EST","Wednesday, November 29, 2023 1:22:32 PM EST",MK6916_PM,PDA Ch1 215nm@2.4nm,1
83,6 weeks 40C 75RH,"3:D,8",4.37,12757,7957,Unknown,,1,"Thursday, November 30, 2023 9:18:37 AM EST","Wednesday, November 29, 2023 1:30:13 PM EST",MK6916_PM,PDA Ch1 215nm@2.4nm,1
84,6 weeks 40C 75RH,"3:D,8",4.53,2325601,1436367,Unknown,,1,"Thursday, November 30, 2023 9:18:37 AM EST","Wednesday, November 29, 2023 1:30:13 PM EST",MK6916_PM,PDA Ch1 215nm@2.4nm,1
85,6 weeks 40C 75RH,"3:D,9",4.365,11359,7097,Unknown,,1,"Thursday, November 30, 2023 9:18:38 AM EST","Wednesday, November 29, 2023 1:37:53 PM EST",MK6916_PM,PDA Ch1 215nm@2.4nm,1
86,6 weeks 40C 75RH,"3:D,9",5.771,4110,5282,Unknown,,1,"Thursday, November 30, 2023 9:18:38 AM EST","Wednesday, November 29, 2023 1:37:53 PM EST",MK6916_PM,PDA Ch1 215nm@2.4nm,1
87,6 weeks 40C 75RH,"3:D,9",4.526,2086473,1284576,Unknown,,1,"Thursday, November 30, 2023 9:18:38 AM EST","Wednesday, November 29, 2023 1:37:53 PM EST",MK6916_PM,PDA Ch1 215nm@2.4nm,1
88,6 weeks 40C 75RH,"3:D,10",4.366,12421,7770,Unknown,,1,"Thursday, November 30, 2023 9:18:39 AM EST","Wednesday, November 29, 2023 1:45:31 PM EST",MK6916_PM,PDA Ch1 215nm@2.4nm,1
89,6 weeks 40C 75RH,"3:D,10",5.771,4073,5135,Unknown,,1,"Thursday, November 30, 2023 9:18:39 AM EST","Wednesday, November 29, 2023 1:45:31 PM EST",MK6916_PM,PDA Ch1 215nm@2.4nm,1
90,6 weeks 40C 75RH,"3:D,10",4.527,2282857,1396292,Unknown,,1,"Thursday, November 30, 2023 9:18:39 AM EST","Wednesday, November 29, 2023 1:45:31 PM EST",MK6916_PM,PDA Ch1 215nm@2.4nm,1
91,6 weeks 40C 75RH,"3:D,11",4.372,9665,6014,Unknown,,1,"Thursday, November 30, 2023 9:18:40 AM EST","Wednesday, November 29, 2023 1:53:09 PM EST",MK6916_PM,PDA Ch1 215nm@2.4nm,1
92,6 weeks 40C 75RH,"3:D,11",5.745,5681,5763,Unknown,,1,"Thursday, November 30, 2023 9:18:40 AM EST","Wednesday, November 29, 2023 1:53:09 PM EST",MK6916_PM,PDA Ch1 215nm@2.4nm,1
93,6 weeks 40C 75RH,"3:D,11",4.533,1780599,1100125,Unknown,,1,"Thursday, November 30, 2023 9:18:40 AM EST","Wednesday, November 29, 2023 1:53:09 PM EST",MK6916_PM,PDA Ch1 215nm@2.4nm,1
94,6 weeks 40C 75RH,"3:D,12",4.528,1790910,1102591,Unknown,,1,"Thursday, November 30, 2023 9:18:41 AM EST","Wednesday, November 29, 2023 2:00:49 PM EST",MK6916_PM,PDA Ch1 215nm@2.4nm,1
95,6 weeks 40C 75RH,"3:D,12",4.367,9665,5979,Unknown,,1,"Thursday, November 30, 2023 9:18:41 AM EST","Wednesday, November 29, 2023 2:00:49 PM EST",MK6916_PM,PDA Ch1 215nm@2.4nm,1
96,6 weeks 40C 75RH,"3:E,1",4.512,2146070,1321565,Unknown,,1,"Thursday, November 30, 2023 9:18:42 AM EST","Wednesday, November 29, 2023 2:08:29 PM EST",MK6916_PM,PDA Ch1 215nm@2.4nm,1
97,6 weeks 40C 75RH,"3:E,1",4.351,11739,7299,Unknown,,1,"Thursday, November 30, 2023 9:18:42 AM EST","Wednesday, November 29, 2023 2:08:29 PM EST",MK6916_PM,PDA Ch1 215nm@2.4nm,1
98,6 weeks 40C 75RH,"3:E,2",4.523,1912602,1177034,Unknown,,1,"Thursday, November 30, 2023 9:18:43 AM EST","Wednesday, November 29, 2023 2:16:09 PM EST",MK6916_PM,PDA Ch1 215nm@2.4nm,1
99,6 weeks 40C 75RH,"3:E,2",4.361,10410,6462,Unknown,,1,"Thursday, November 30, 2023 9:18:43 AM EST","Wednesday, November 29, 2023 2:16:09 PM EST",MK6916_PM,PDA Ch1 215nm@2.4nm,1
100,6 weeks 40C 75RH,"3:E,3",4.368,11110,6982,Unknown,,1,"Thursday, November 30, 2023 9:18:44 AM EST","Wednesday, November 29, 2023 2:23:47 PM EST",MK6916_PM,PDA Ch1 215nm@2.4nm,1
101,6 weeks 40C 75RH,"3:E,3",1.718,10974,5919,Unknown,,1,"Thursday, November 30, 2023 9:18:44 AM EST","Wednesday, November 29, 2023 2:23:47 PM EST",MK6916_PM,PDA Ch1 215nm@2.4nm,1
102,6 weeks 40C 75RH,"3:E,3",5.771,3824,5115,Unknown,,1,"Thursday, November 30, 2023 9:18:44 AM EST","Wednesday, November 29, 2023 2:23:47 PM EST",MK6916_PM,PDA Ch1 215nm@2.4nm,1
103,6 weeks 40C 75RH,"3:E,3",4.529,2064897,1269093,Unknown,,1,"Thursday, November 30, 2023 9:18:44 AM EST","Wednesday, November 29, 2023 2:23:47 PM EST",MK6916_PM,PDA Ch1 215nm@2.4nm,1
104,6 weeks 40C 75RH,"3:E,4",5.743,10406,14438,Unknown,,1,"Thursday, November 30, 2023 9:18:44 AM EST","Wednesday, November 29, 2023 2:31:25 PM EST",MK6916_PM,PDA Ch1 215nm@2.4nm,1
105,6 weeks 40C 75RH,"3:E,4",4.524,2427991,1488456,Unknown,,1,"Thursday, November 30, 2023 9:18:44 AM EST","Wednesday, November 29, 2023 2:31:25 PM EST",MK6916_PM,PDA Ch1 215nm@2.4nm,1
106,6 weeks 40C 75RH,"3:E,4",4.364,13164,8231,Unknown,,1,"Thursday, November 30, 2023 9:18:44 AM EST","Wednesday, November 29, 2023 2:31:25 PM EST",MK6916_PM,PDA Ch1 215nm@2.4nm,1
107,6 weeks 40C 75RH,"3:E,5",4.362,9778,6040,Unknown,,1,"Thursday, November 30, 2023 9:18:45 AM EST","Wednesday, November 29, 2023 2:39:05 PM EST",MK6916_PM,PDA Ch1 215nm@2.4nm,1
108,6 weeks 40C 75RH,"3:E,5",4.524,1796540,1105838,Unknown,,1,"Thursday, November 30, 2023 9:18:45 AM EST","Wednesday, November 29, 2023 2:39:05 PM EST",MK6916_PM,PDA Ch1 215nm@2.4nm,1
109,6 weeks 40C 75RH,"3:E,6",4.364,11844,7390,Unknown,,1,"Thursday, November 30, 2023 9:18:46 AM EST","Wednesday, November 29, 2023 2:46:49 PM EST",MK6916_PM,PDA Ch1 215nm@2.4nm,1
110,6 weeks 40C 75RH,"3:E,6",5.744,9093,12853,Unknown,,1,"Thursday, November 30, 2023 9:18:46 AM EST","Wednesday, November 29, 2023 2:46:49 PM EST",MK6916_PM,PDA Ch1 215nm@2.4nm,1
111,6 weeks 40C 75RH,"3:E,6",4.525,2188050,1342396,Unknown,,1,"Thursday, November 30, 2023 9:18:46 AM EST","Wednesday, November 29, 2023 2:46:49 PM EST",MK6916_PM,PDA Ch1 215nm@2.4nm,1
112,6 weeks 40C 75RH,"3:E,7",4.364,11272,7007,Unknown,,1,"Thursday, November 30, 2023 9:18:47 AM EST","Wednesday, November 29, 2023 2:54:25 PM EST",MK6916_PM,PDA Ch1 215nm@2.4nm,1
113,6 weeks 40C 75RH,"3:E,7",5.743,10787,15515,Unknown,,1,"Thursday, November 30, 2023 9:18:47 AM EST","Wednesday, November 29, 2023 2:54:25 PM EST",MK6916_PM,PDA Ch1 215nm@2.4nm,1
114,6 weeks 40C 75RH,"3:E,7",4.525,2076946,1279573,Unknown,,1,"Thursday, November 30, 2023 9:18:47 AM EST","Wednesday, November 29, 2023 2:54:25 PM EST",MK6916_PM,PDA Ch1 215nm@2.4nm,1
115,6 weeks 40C 75RH,"3:E,8",5.743,19448,15674,Unknown,,1,"Thursday, November 30, 2023 9:18:48 AM EST","Wednesday, November 29, 2023 3:02:06 PM EST",MK6916_PM,PDA Ch1 215nm@2.4nm,1
116,6 weeks 40C 75RH,"3:E,8",5.709,48822,11680,Unknown,,1,"Thursday, November 30, 2023 9:18:48 AM EST","Wednesday, November 29, 2023 3:02:06 PM EST",MK6916_PM,PDA Ch1 215nm@2.4nm,1
117,6 weeks 40C 75RH,"3:E,8",5.641,22886,7577,Unknown,,1,"Thursday, November 30, 2023 9:18:48 AM EST","Wednesday, November 29, 2023 3:02:06 PM EST",MK6916_PM,PDA Ch1 215nm@2.4nm,1
118,6 weeks 40C 75RH,"3:E,8",5.586,4825,6149,Unknown,,1,"Thursday, November 30, 2023 9:18:48 AM EST","Wednesday, November 29, 2023 3:02:06 PM EST",MK6916_PM,PDA Ch1 215nm@2.4nm,1
119,6 weeks 40C 75RH,"3:E,8",5.573,20708,5933,Unknown,,1,"Thursday, November 30, 2023 9:18:48 AM EST","Wednesday, November 29, 2023 3:02:06 PM EST",MK6916_PM,PDA Ch1 215nm@2.4nm,1
120,6 weeks 40C 75RH,"3:E,8",4.527,2213304,1360944,Unknown,,1,"Thursday, November 30, 2023 9:18:48 AM EST","Wednesday, November 29, 2023 3:02:06 PM EST",MK6916_PM,PDA Ch1 215nm@2.4nm,1
121,6 weeks 40C 75RH,"3:E,8",4.367,12110,7555,Unknown,,1,"Thursday, November 30, 2023 9:18:48 AM EST","Wednesday, November 29, 2023 3:02:06 PM EST",MK6916_PM,PDA Ch1 215nm@2.4nm,1
122,6 weeks 40C 75RH,"3:E,8",5.77,50740,12691,Unknown,,1,"Thursday, November 30, 2023 9:18:48 AM EST","Wednesday, November 29, 2023 3:02:06 PM EST",MK6916_PM,PDA Ch1 215nm@2.4nm,1
123,6 weeks 40C 75RH,"3:E,9",5.752,14685,15051,Unknown,,1,"Thursday, November 30, 2023 9:18:49 AM EST","Wednesday, November 29, 2023 3:09:46 PM EST",MK6916_PM,PDA Ch1 215nm@2.4nm,1
124,6 weeks 40C 75RH,"3:E,9",5.71,12548,5371,Unknown,,1,"Thursday, November 30, 2023 9:18:49 AM EST","Wednesday, November 29, 2023 3:09:46 PM EST",MK6916_PM,PDA Ch1 215nm@2.4nm,1
125,6 weeks 40C 75RH,"3:E,9",4.524,2003729,1231552,Unknown,,1,"Thursday, November 30, 2023 9:18:49 AM EST","Wednesday, November 29, 2023 3:09:46 PM EST",MK6916_PM,PDA Ch1 215nm@2.4nm,1
126,6 weeks 40C 75RH,"3:E,9",4.363,10954,6822,Unknown,,1,"Thursday, November 30, 2023 9:18:49 AM EST","Wednesday, November 29, 2023 3:09:46 PM EST",MK6916_PM,PDA Ch1 215nm@2.4nm,1
127,6 weeks 40C 75RH,"3:E,9",5.771,7283,6809,Unknown,,1,"Thursday, November 30, 2023 9:18:49 AM EST","Wednesday, November 29, 2023 3:09:46 PM EST",MK6916_PM,PDA Ch1 215nm@2.4nm,1
128,6 weeks 40C 75RH,"3:E,10",4.527,1912532,1178122,Unknown,,1,"Thursday, November 30, 2023 9:18:50 AM EST","Wednesday, November 29, 2023 3:17:27 PM EST",MK6916_PM,PDA Ch1 215nm@2.4nm,1
129,6 weeks 40C 75RH,"3:E,10",4.366,10286,6474,Unknown,,1,"Thursday, November 30, 2023 9:18:50 AM EST","Wednesday, November 29, 2023 3:17:27 PM EST",MK6916_PM,PDA Ch1 215nm@2.4nm,1
130,6 weeks 40C 75RH,"3:E,11",4.525,2057648,1265298,Unknown,,1,"Thursday, November 30, 2023 9:18:51 AM EST","Wednesday, November 29, 2023 3:25:04 PM EST",MK6916_PM,PDA Ch1 215nm@2.4nm,1
131,6 weeks 40C 75RH,"3:E,11",4.364,11104,6975,Unknown,,1,"Thursday, November 30, 2023 9:18:51 AM EST","Wednesday, November 29, 2023 3:25:04 PM EST",MK6916_PM,PDA Ch1 215nm@2.4nm,1
132,6 weeks 40C 75RH,"3:E,12",4.525,1832257,1132026,Unknown,,1,"Thursday, November 30, 2023 9:18:52 AM EST","Wednesday, November 29, 2023 3:32:44 PM EST",MK6916_PM,PDA Ch1 215nm@2.4nm,1
133,6 weeks 40C 75RH,"3:E,12",4.364,10063,6246,Unknown,,1,"Thursday, November 30, 2023 9:18:52 AM EST","Wednesday, November 29, 2023 3:32:44 PM EST",MK6916_PM,PDA Ch1 215nm@2.4nm,1
134,6 weeks 40C 75RH,"3:F,1",4.521,2098275,1284859,Unknown,,1,"Thursday, November 30, 2023 9:18:54 AM EST","Wednesday, November 29, 2023 3:40:25 PM EST",MK6916_PM,PDA Ch1 215nm@2.4nm,1
135,6 weeks 40C 75RH,"3:F,1",4.359,11646,7160,Unknown,,1,"Thursday, November 30, 2023 9:18:54 AM EST","Wednesday, November 29, 2023 3:40:25 PM EST",MK6916_PM,PDA Ch1 215nm@2.4nm,1
136,6 weeks 40C 75RH,"3:F,2",4.523,2466266,1505011,Unknown,,1,"Thursday, November 30, 2023 9:18:55 AM EST","Wednesday, November 29, 2023 3:48:02 PM EST",MK6916_PM,PDA Ch1 215nm@2.4nm,1
137,6 weeks 40C 75RH,"3:F,2",4.362,13528,8426,Unknown,,1,"Thursday, November 30, 2023 9:18:55 AM EST","Wednesday, November 29, 2023 3:48:02 PM EST",MK6916_PM,PDA Ch1 215nm@2.4nm,1
138,6 weeks 40C 75RH,"3:F,3",5.767,4322,5913,Unknown,,1,"Thursday, November 30, 2023 9:18:56 AM EST","Wednesday, November 29, 2023 3:55:39 PM EST",MK6916_PM,PDA Ch1 215nm@2.4nm,1
139,6 weeks 40C 75RH,"3:F,3",5.74,5831,7435,Unknown,,1,"Thursday, November 30, 2023 9:18:56 AM EST","Wednesday, November 29, 2023 3:55:39 PM EST",MK6916_PM,PDA Ch1 215nm@2.4nm,1
140,6 weeks 40C 75RH,"3:F,3",4.508,2313279,1416656,Unknown,,1,"Thursday, November 30, 2023 9:18:56 AM EST","Wednesday, November 29, 2023 3:55:39 PM EST",MK6916_PM,PDA Ch1 215nm@2.4nm,1
141,6 weeks 40C 75RH,"3:F,3",4.348,12768,7900,Unknown,,1,"Thursday, November 30, 2023 9:18:56 AM EST","Wednesday, November 29, 2023 3:55:39 PM EST",MK6916_PM,PDA Ch1 215nm@2.4nm,1
142,6 weeks 40C 75RH,"3:F,4",4.357,9728,6058,Unknown,,1,"Thursday, November 30, 2023 9:18:57 AM EST","Wednesday, November 29, 2023 4:03:21 PM EST",MK6916_PM,PDA Ch1 215nm@2.4nm,1
143,6 weeks 40C 75RH,"3:F,4",5.77,3952,5581,Unknown,,1,"Thursday, November 30, 2023 9:18:57 AM EST","Wednesday, November 29, 2023 4:03:21 PM EST",MK6916_PM,PDA Ch1 215nm@2.4nm,1
144,6 weeks 40C 75RH,"3:F,4",4.519,1787131,1099411,Unknown,,1,"Thursday, November 30, 2023 9:18:57 AM EST","Wednesday, November 29, 2023 4:03:21 PM EST",MK6916_PM,PDA Ch1 215nm@2.4nm,1
145,6 weeks 40C 75RH,"3:F,5",4.358,10446,6513,Unknown,,1,"Thursday, November 30, 2023 9:18:58 AM EST","Wednesday, November 29, 2023 4:11:00 PM EST",MK6916_PM,PDA Ch1 215nm@2.4nm,1
146,6 weeks 40C 75RH,"3:F,5",5.77,4131,5616,Unknown,,1,"Thursday, November 30, 2023 9:18:58 AM EST","Wednesday, November 29, 2023 4:11:00 PM EST",MK6916_PM,PDA Ch1 215nm@2.4nm,1
147,6 weeks 40C 75RH,"3:F,5",4.518,1900710,1172553,Unknown,,1,"Thursday, November 30, 2023 9:18:58 AM EST","Wednesday, November 29, 2023 4:11:00 PM EST",MK6916_PM,PDA Ch1 215nm@2.4nm,1
148,6 weeks 40C 75RH,"3:F,6",4.515,2683324,1632088,Unknown,,1,"Thursday, November 30, 2023 9:18:58 AM EST","Wednesday, November 29, 2023 4:18:37 PM EST",MK6916_PM,PDA Ch1 215nm@2.4nm,1
149,6 weeks 40C 75RH,"3:F,6",4.355,14701,9128,Unknown,,1,"Thursday, November 30, 2023 9:18:58 AM EST","Wednesday, November 29, 2023 4:18:37 PM EST",MK6916_PM,PDA Ch1 215nm@2.4nm,1
150,6 weeks 40C 75RH,"3:F,6",5.77,4359,6134,Unknown,,1,"Thursday, November 30, 2023 9:18:58 AM EST","Wednesday, November 29, 2023 4:18:37 PM EST",MK6916_PM,PDA Ch1 215nm@2.4nm,1
151,6 weeks 40C 75RH,"3:F,6",5.743,7899,10692,Unknown,,1,"Thursday, November 30, 2023 9:18:58 AM EST","Wednesday, November 29, 2023 4:18:37 PM EST",MK6916_PM,PDA Ch1 215nm@2.4nm,1
152,6 weeks 40C 75RH,"3:F,7",5.769,4018,5855,Unknown,,1,"Thursday, November 30, 2023 9:18:59 AM EST","Wednesday, November 29, 2023 4:26:15 PM EST",MK6916_PM,PDA Ch1 215nm@2.4nm,1
153,6 weeks 40C 75RH,"3:F,7",4.516,2845765,1728035,Unknown,,1,"Thursday, November 30, 2023 9:18:59 AM EST","Wednesday, November 29, 2023 4:26:15 PM EST",MK6916_PM,PDA Ch1 215nm@2.4nm,1
154,6 weeks 40C 75RH,"3:F,7",4.357,15646,9763,Unknown,,1,"Thursday, November 30, 2023 9:18:59 AM EST","Wednesday, November 29, 2023 4:26:15 PM EST",MK6916_PM,PDA Ch1 215nm@2.4nm,1
155,6 weeks 40C 75RH,"3:F,8",4.362,11131,6911,Unknown,,1,"Thursday, November 30, 2023 9:19:00 AM EST","Wednesday, November 29, 2023 4:33:55 PM EST",MK6916_PM,PDA Ch1 215nm@2.4nm,1
156,6 weeks 40C 75RH,"3:F,8",4.523,2024225,1243826,Unknown,,1,"Thursday, November 30, 2023 9:19:00 AM EST","Wednesday, November 29, 2023 4:33:55 PM EST",MK6916_PM,PDA Ch1 215nm@2.4nm,1
157,6 weeks 40C 75RH,"3:F,9",4.359,11427,7013,Unknown,,1,"Thursday, November 30, 2023 9:19:01 AM EST","Wednesday, November 29, 2023 4:41:36 PM EST",MK6916_PM,PDA Ch1 215nm@2.4nm,1
158,6 weeks 40C 75RH,"3:F,9",5.77,3684,5128,Unknown,,1,"Thursday, November 30, 2023 9:19:01 AM EST","Wednesday, November 29, 2023 4:41:36 PM EST",MK6916_PM,PDA Ch1 215nm@2.4nm,1
159,6 weeks 40C 75RH,"3:F,9",4.52,2056713,1262139,Unknown,,1,"Thursday, November 30, 2023 9:19:01 AM EST","Wednesday, November 29, 2023 4:41:36 PM EST",MK6916_PM,PDA Ch1 215nm@2.4nm,1
160,6 weeks 40C 75RH,"3:F,10",4.359,13204,8224,Unknown,,1,"Thursday, November 30, 2023 9:19:02 AM EST","Wednesday, November 29, 2023 4:49:15 PM EST",MK6916_PM,PDA Ch1 215nm@2.4nm,1
161,6 weeks 40C 75RH,"3:F,10",5.769,4180,5745,Unknown,,1,"Thursday, November 30, 2023 9:19:02 AM EST","Wednesday, November 29, 2023 4:49:15 PM EST",MK6916_PM,PDA Ch1 215nm@2.4nm,1
162,6 weeks 40C 75RH,"3:F,10",4.519,2402657,1469474,Unknown,,1,"Thursday, November 30, 2023 9:19:02 AM EST","Wednesday, November 29, 2023 4:49:15 PM EST",MK6916_PM,PDA Ch1 215nm@2.4nm,1
163,6 weeks 40C 75RH,"3:F,11",4.364,12278,7600,Unknown,,1,"Thursday, November 30, 2023 9:19:03 AM EST","Wednesday, November 29, 2023 4:56:57 PM EST",MK6916_PM,PDA Ch1 215nm@2.4nm,1
164,6 weeks 40C 75RH,"3:F,11",5.75,7271,8409,Unknown,,1,"Thursday, November 30, 2023 9:19:03 AM EST","Wednesday, November 29, 2023 4:56:57 PM EST",MK6916_PM,PDA Ch1 215nm@2.4nm,1
165,6 weeks 40C 75RH,"3:F,11",4.525,2157886,1323661,Unknown,,1,"Thursday, November 30, 2023 9:19:03 AM EST","Wednesday, November 29, 2023 4:56:57 PM EST",MK6916_PM,PDA Ch1 215nm@2.4nm,1
166,6 weeks 40C 75RH,"3:F,12",4.352,11482,7113,Unknown,,1,"Thursday, November 30, 2023 9:19:04 AM EST","Wednesday, November 29, 2023 5:04:36 PM EST",MK6916_PM,PDA Ch1 215nm@2.4nm,1
167,6 weeks 40C 75RH,"3:F,12",5.749,10620,13566,Unknown,,1,"Thursday, November 30, 2023 9:19:04 AM EST","Wednesday, November 29, 2023 5:04:36 PM EST",MK6916_PM,PDA Ch1 215nm@2.4nm,1
168,6 weeks 40C 75RH,"3:F,12",4.513,2045571,1257853,Unknown,,1,"Thursday, November 30, 2023 9:19:04 AM EST","Wednesday, November 29, 2023 5:04:36 PM EST",MK6916_PM,PDA Ch1 215nm@2.4nm,1
169,6 weeks 40C 75RH,"3:G,1",4.359,10594,6603,Unknown,,1,"Thursday, November 30, 2023 9:19:05 AM EST","Wednesday, November 29, 2023 5:12:17 PM EST",MK6916_PM,PDA Ch1 215nm@2.4nm,1
170,6 weeks 40C 75RH,"3:G,1",5.769,5931,8635,Unknown,,1,"Thursday, November 30, 2023 9:19:05 AM EST","Wednesday, November 29, 2023 5:12:17 PM EST",MK6916_PM,PDA Ch1 215nm@2.4nm,1
171,6 weeks 40C 75RH,"3:G,1",4.52,1931326,1190038,Unknown,,1,"Thursday, November 30, 2023 9:19:05 AM EST","Wednesday, November 29, 2023 5:12:17 PM EST",MK6916_PM,PDA Ch1 215nm@2.4nm,1
172,6 weeks 40C 75RH,"3:G,2",4.361,11315,6995,Unknown,,1,"Thursday, November 30, 2023 9:19:06 AM EST","Wednesday, November 29, 2023 5:19:57 PM EST",MK6916_PM,PDA Ch1 215nm@2.4nm,1
173,6 weeks 40C 75RH,"3:G,2",5.77,5531,7757,Unknown,,1,"Thursday, November 30, 2023 9:19:06 AM EST","Wednesday, November 29, 2023 5:19:57 PM EST",MK6916_PM,PDA Ch1 215nm@2.4nm,1
174,6 weeks 40C 75RH,"3:G,2",4.522,2057728,1265133,Unknown,,1,"Thursday, November 30, 2023 9:19:06 AM EST","Wednesday, November 29, 2023 5:19:57 PM EST",MK6916_PM,PDA Ch1 215nm@2.4nm,1
175,6 weeks 40C 75RH,"3:G,3",4.36,13647,8335,Unknown,,1,"Thursday, November 30, 2023 9:19:07 AM EST","Wednesday, November 29, 2023 5:27:35 PM EST",MK6916_PM,PDA Ch1 215nm@2.4nm,1
176,6 weeks 40C 75RH,"3:G,3",5.859,4677,6989,Unknown,,1,"Thursday, November 30, 2023 9:19:07 AM EST","Wednesday, November 29, 2023 5:27:35 PM EST",MK6916_PM,PDA Ch1 215nm@2.4nm,1
177,6 weeks 40C 75RH,"3:G,3",5.769,3568,5373,Unknown,,1,"Thursday, November 30, 2023 9:19:07 AM EST","Wednesday, November 29, 2023 5:27:35 PM EST",MK6916_PM,PDA Ch1 215nm@2.4nm,1
178,6 weeks 40C 75RH,"3:G,3",5.754,19691,20972,Unknown,,1,"Thursday, November 30, 2023 9:19:07 AM EST","Wednesday, November 29, 2023 5:27:35 PM EST",MK6916_PM,PDA Ch1 215nm@2.4nm,1
179,6 weeks 40C 75RH,"3:G,3",5.692,9524,13103,Unknown,,1,"Thursday, November 30, 2023 9:19:07 AM EST","Wednesday, November 29, 2023 5:27:35 PM EST",MK6916_PM,PDA Ch1 215nm@2.4nm,1
180,6 weeks 40C 75RH,"3:G,3",4.521,2445254,1485562,Unknown,,1,"Thursday, November 30, 2023 9:19:07 AM EST","Wednesday, November 29, 2023 5:27:35 PM EST",MK6916_PM,PDA Ch1 215nm@2.4nm,1
181,6 weeks 40C 75RH,"3:G,4",4.327,11007,6497,Unknown,,1,"Thursday, November 30, 2023 9:19:07 AM EST","Wednesday, November 29, 2023 5:35:12 PM EST",MK6916_PM,PDA Ch1 215nm@2.4nm,1
182,6 weeks 40C 75RH,"3:G,4",5.901,4044,6057,Unknown,,1,"Thursday, November 30, 2023 9:19:07 AM EST","Wednesday, November 29, 2023 5:35:12 PM EST",MK6916_PM,PDA Ch1 215nm@2.4nm,1
183,6 weeks 40C 75RH,"3:G,4",5.859,9599,14361,Unknown,,1,"Thursday, November 30, 2023 9:19:07 AM EST","Wednesday, November 29, 2023 5:35:12 PM EST",MK6916_PM,PDA Ch1 215nm@2.4nm,1
184,6 weeks 40C 75RH,"3:G,4",5.768,2638,5789,Unknown,,1,"Thursday, November 30, 2023 9:19:07 AM EST","Wednesday, November 29, 2023 5:35:12 PM EST",MK6916_PM,PDA Ch1 215nm@2.4nm,1
185,6 weeks 40C 75RH,"3:G,4",5.756,20368,28397,Unknown,,1,"Thursday, November 30, 2023 9:19:07 AM EST","Wednesday, November 29, 2023 5:35:12 PM EST",MK6916_PM,PDA Ch1 215nm@2.4nm,1
186,6 weeks 40C 75RH,"3:G,4",5.744,3858,7376,Unknown,,1,"Thursday, November 30, 2023 9:19:07 AM EST","Wednesday, November 29, 2023 5:35:12 PM EST",MK6916_PM,PDA Ch1 215nm@2.4nm,1
187,6 weeks 40C 75RH,"3:G,4",5.692,20898,24955,Unknown,,1,"Thursday, November 30, 2023 9:19:07 AM EST","Wednesday, November 29, 2023 5:35:12 PM EST",MK6916_PM,PDA Ch1 215nm@2.4nm,1
188,6 weeks 40C 75RH,"3:G,4",4.519,2372056,1432583,Unknown,,1,"Thursday, November 30, 2023 9:19:07 AM EST","Wednesday, November 29, 2023 5:35:12 PM EST",MK6916_PM,PDA Ch1 215nm@2.4nm,1
189,6 weeks 40C 75RH,"3:G,4",4.358,12995,8140,Unknown,,1,"Thursday, November 30, 2023 9:19:07 AM EST","Wednesday, November 29, 2023 5:35:12 PM EST",MK6916_PM,PDA Ch1 215nm@2.4nm,1
190,6 weeks 40C 75RH,"3:G,5",4.364,14340,8933,Unknown,,1,"Thursday, November 30, 2023 9:19:08 AM EST","Wednesday, November 29, 2023 5:42:49 PM EST",MK6916_PM,PDA Ch1 215nm@2.4nm,1
191,6 weeks 40C 75RH,"3:G,5",5.77,3850,5541,Unknown,,1,"Thursday, November 30, 2023 9:19:08 AM EST","Wednesday, November 29, 2023 5:42:49 PM EST",MK6916_PM,PDA Ch1 215nm@2.4nm,1
192,6 weeks 40C 75RH,"3:G,5",4.524,2610276,1591854,Unknown,,1,"Thursday, November 30, 2023 9:19:08 AM EST","Wednesday, November 29, 2023 5:42:49 PM EST",MK6916_PM,PDA Ch1 215nm@2.4nm,1
193,6 weeks 40C 75RH,"3:G,6",4.357,11804,7372,Unknown,,1,"Thursday, November 30, 2023 9:19:09 AM EST","Wednesday, November 29, 2023 5:50:27 PM EST",MK6916_PM,PDA Ch1 215nm@2.4nm,1
194,6 weeks 40C 75RH,"3:G,6",5.769,4118,5525,Unknown,,1,"Thursday, November 30, 2023 9:19:09 AM EST","Wednesday, November 29, 2023 5:50:27 PM EST",MK6916_PM,PDA Ch1 215nm@2.4nm,1
195,6 weeks 40C 75RH,"3:G,6",5.742,4465,5218,Unknown,,1,"Thursday, November 30, 2023 9:19:09 AM EST","Wednesday, November 29, 2023 5:50:27 PM EST",MK6916_PM,PDA Ch1 215nm@2.4nm,1
196,6 weeks 40C 75RH,"3:G,6",4.518,2163363,1326103,Unknown,,1,"Thursday, November 30, 2023 9:19:09 AM EST","Wednesday, November 29, 2023 5:50:27 PM EST",MK6916_PM,PDA Ch1 215nm@2.4nm,1
197,6 weeks 40C 75RH,"3:G,7",5.77,4147,5578,Unknown,,1,"Thursday, November 30, 2023 9:19:10 AM EST","Wednesday, November 29, 2023 5:58:05 PM EST",MK6916_PM,PDA Ch1 215nm@2.4nm,1
198,6 weeks 40C 75RH,"3:G,7",4.522,2025440,1245946,Unknown,,1,"Thursday, November 30, 2023 9:19:10 AM EST","Wednesday, November 29, 2023 5:58:05 PM EST",MK6916_PM,PDA Ch1 215nm@2.4nm,1
199,6 weeks 40C 75RH,"3:G,7",4.361,10982,6887,Unknown,,1,"Thursday, November 30, 2023 9:19:10 AM EST","Wednesday, November 29, 2023 5:58:05 PM EST",MK6916_PM,PDA Ch1 215nm@2.4nm,1
200,6 weeks 40C 75RH,"3:G,8",5.769,3716,5103,Unknown,,1,"Thursday, November 30, 2023 9:19:11 AM EST","Wednesday, November 29, 2023 6:05:42 PM EST",MK6916_PM,PDA Ch1 215nm@2.4nm,1
201,6 weeks 40C 75RH,"3:G,8",4.509,2338456,1431763,Unknown,,1,"Thursday, November 30, 2023 9:19:11 AM EST","Wednesday, November 29, 2023 6:05:42 PM EST",MK6916_PM,PDA Ch1 215nm@2.4nm,1
202,6 weeks 40C 75RH,"3:G,8",4.348,12835,8001,Unknown,,1,"Thursday, November 30, 2023 9:19:11 AM EST","Wednesday, November 29, 2023 6:05:42 PM EST",MK6916_PM,PDA Ch1 215nm@2.4nm,1
203,6 weeks 40C 75RH,"3:G,9",5.751,9765,11292,Unknown,,1,"Thursday, November 30, 2023 9:19:12 AM EST","Wednesday, November 29, 2023 6:13:20 PM EST",MK6916_PM,PDA Ch1 215nm@2.4nm,1
204,6 weeks 40C 75RH,"3:G,9",4.523,2178603,1335993,Unknown,,1,"Thursday, November 30, 2023 9:19:12 AM EST","Wednesday, November 29, 2023 6:13:20 PM EST",MK6916_PM,PDA Ch1 215nm@2.4nm,1
205,6 weeks 40C 75RH,"3:G,9",4.363,11844,7403,Unknown,,1,"Thursday, November 30, 2023 9:19:12 AM EST","Wednesday, November 29, 2023 6:13:20 PM EST",MK6916_PM,PDA Ch1 215nm@2.4nm,1
206,6 weeks 40C 75RH,"3:G,9",5.77,3546,5054,Unknown,,1,"Thursday, November 30, 2023 9:19:12 AM EST","Wednesday, November 29, 2023 6:13:20 PM EST",MK6916_PM,PDA Ch1 215nm@2.4nm,1
207,6 weeks 40C 75RH,"3:G,10",4.362,11965,7437,Unknown,,1,"Thursday, November 30, 2023 9:19:13 AM EST","Wednesday, November 29, 2023 6:21:00 PM EST",MK6916_PM,PDA Ch1 215nm@2.4nm,1
208,6 weeks 40C 75RH,"3:G,10",4.523,2181323,1338065,Unknown,,1,"Thursday, November 30, 2023 9:19:13 AM EST","Wednesday, November 29, 2023 6:21:00 PM EST",MK6916_PM,PDA Ch1 215nm@2.4nm,1
209,6 weeks 40C 75RH,"3:G,11",5.771,3860,5078,Unknown,,1,"Thursday, November 30, 2023 9:19:14 AM EST","Wednesday, November 29, 2023 6:28:38 PM EST",MK6916_PM,PDA Ch1 215nm@2.4nm,1
210,6 weeks 40C 75RH,"3:G,11",4.528,2056050,1264674,Unknown,,1,"Thursday, November 30, 2023 9:19:14 AM EST","Wednesday, November 29, 2023 6:28:38 PM EST",MK6916_PM,PDA Ch1 215nm@2.4nm,1
211,6 weeks 40C 75RH,"3:G,11",4.367,11152,6978,Unknown,,1,"Thursday, November 30, 2023 9:19:14 AM EST","Wednesday, November 29, 2023 6:28:38 PM EST",MK6916_PM,PDA Ch1 215nm@2.4nm,1
212,6 weeks 40C 75RH,"3:G,12",5.751,9181,10289,Unknown,,1,"Thursday, November 30, 2023 9:19:14 AM EST","Wednesday, November 29, 2023 6:36:15 PM EST",MK6916_PM,PDA Ch1 215nm@2.4nm,1
213,6 weeks 40C 75RH,"3:G,12",4.518,2132516,1303115,Unknown,,1,"Thursday, November 30, 2023 9:19:14 AM EST","Wednesday, November 29, 2023 6:36:15 PM EST",MK6916_PM,PDA Ch1 215nm@2.4nm,1
214,6 weeks 40C 75RH,"3:G,12",4.357,11684,7248,Unknown,,1,"Thursday, November 30, 2023 9:19:14 AM EST","Wednesday, November 29, 2023 6:36:15 PM EST",MK6916_PM,PDA Ch1 215nm@2.4nm,1
